# Regression tests for accuracy fixes: one line each, run by scripts/verify/correctness.sh.
# id	tier	profile	fix (commit) and what the test proves	command (bash, from the repo root; $RUNTIME_SDK, $ROTATION_SDK, $CRUSH_SDK, $PHYSX_BUILD are set by the runner)
gravity-single-source	quick	any	f3744df8 stale 20.0 resting-load gravity: one world gravity (9.81), no native source keeps its own default	CARGO_TARGET_DIR=target/verify-cpu cargo test -q -p vibe-land-physx-bridge --test gravity_single_source
gravity-self-weight	quick	any	f3744df8 the stress solve's loads are rho A g at 9.81 (textbook cantilever-self-weight; g = 20 reads 2.04x)	(textbook suite: cantilever-self-weight)
gravity-free-fall	quick	any	carrier/fragment gravity: a broken-off structure fragment accelerates at g, not 2g or 0	(textbook suite: gravity-free-fall)
carrier-gravity	full	any	PhysX e58f080a9 fragmentGravity re-installed a Vehicle2 carrier with gravity (double weight)	cd "$PHYSX_BUILD" && ctest -R 'destruction_gpu_carrier_gravity|physx_native_chunk_loads_fragment_gravity' --output-on-failure
crush-correction	full	any	PhysX fix/crush-in-correction: a crush inside the corrected pass froze every later step	cd "$PHYSX_BUILD" && ctest -R 'blast_stress_gpu_crush_correction' --output-on-failure
crush-native-gameplay	full	any	bridge: authored crush reaches the stage, crushes where struck, every step completes (needs a crush SDK)	VIBE_GPU_SHARED=1 PHYSX_ROOT="$CRUSH_SDK" CARGO_TARGET_DIR=target/verify-crush cargo test -q -p vibe-land-physx-bridge --features native-destruction --test native_gameplay -- --ignored --test-threads=1 crush
oracle-bond-normal	quick	any	f03cd6e6 stress-share.py orients each bond normal node0->node1 (fails on the pre-fix script)	uv run -q structures/town-kit/scripts/test-stress-share.py
section-bending	quick	any	f3288d7c bond bending/torsion from the real section matches beam theory (cantilever chain)	VIBE_GPU_SHARED=1 PHYSX_ROOT="$RUNTIME_SDK" CARGO_TARGET_DIR=target/verify-runtime cargo test -q -p vibe-land-physx-bridge --features native-destruction --test section_bending -- --ignored --test-threads=1
section-rotation	quick	high	63284285 rotational stiffness from each bond's section matches the stiffness method (propped beam, side arm)	VIBE_SECTION_ROTATION=1 VIBE_GPU_SHARED=1 PHYSX_ROOT="$ROTATION_SDK" CARGO_TARGET_DIR=target/verify-rotation cargo test -q -p vibe-land-physx-bridge --features native-destruction --test section_rotation -- --ignored --test-threads=1
roof-com-cpu	quick	any	bcbc27d8 island centre of mass weighs hull mass centres (manifest, client topology)	cargo test -q -p vibe-land-destruction --target-dir target/verify-cpu mass_offset && (cd client && npx vitest run src/city/topology.test.ts src/city/manifestBinary.test.ts)
hull-origins	quick	any	TOWN_KIT_HULL_ORIGIN=centroid opt-out and corner-referenced hull mass offsets	cd structures/town-kit && node --test tests/hull-origins.test.mjs
roof-com-studless	full	any	bcbc27d8 a split-off roof is drawn where the server has it (1 mm), studless veneer house collapse	VIBE_GPU_SHARED=1 PHYSX_ROOT="$RUNTIME_SDK" CARGO_TARGET_DIR=target/verify-server cargo test -q --release -p web-fps-server --features native-destruction --lib wire_chunk_poses::a_studless_house_collapsing_is_drawn_where_the_server_has_it -- --ignored --exact --test-threads=1
roof-com-cannonball	full	any	bcbc27d8 a cannonball hit is drawn where the server has it (1 mm)	VIBE_GPU_SHARED=1 PHYSX_ROOT="$RUNTIME_SDK" CARGO_TARGET_DIR=target/verify-server cargo test -q --release -p web-fps-server --features native-destruction --lib wire_chunk_poses::a_cannonball_hit_is_drawn_where_the_server_has_it -- --ignored --exact --test-threads=1
strike-collision	quick	any	7ee21fa9 paired meteor strikes never meet in flight (film build check assertStrikesClear)	node --test client/native/film/*.test.mjs
mortar-joints	quick	any	01ec017a brick-to-brick and brick-to-slab bonds are mortar joints at mortar strength	cd structures/town-kit && node --test tests/veneer-houses.test.mjs
fidelity-audit	quick	both	200f31b0/5816543a stiffness floors, 100 rad/s spin clamp, stabilisation vs closed form (runtime keeps the fudges, high gives the textbook)	VIBE_GPU_SHARED=1 PHYSX_ROOT="$RUNTIME_SDK" CARGO_TARGET_DIR=target/verify-runtime cargo test -q -p vibe-land-physx-bridge --features native-destruction --test fidelity_audit -- --ignored --test-threads=1
